Id,Title,Severity,Status,LastObserved
arn:aws:securityhub:eu-north-1:122814843942:security-control/GuardDuty.9/finding/0d1c2fd2-3621-4d64-8445-a8654d1b5103,GuardDuty RDS Protection should be enabled,INFORMATIONAL,RESOLVED,2025-05-18T12:01:20.097Z
arn:aws:securityhub:eu-north-1:122814843942:security-control/GuardDuty.8/finding/6c5beb2c-cd9e-4548-b942-abdc074dc545,GuardDuty Malware Protection for EC2 should be enabled,INFORMATIONAL,RESOLVED,2025-05-18T12:01:20.045Z
arn:aws:securityhub:eu-north-1:122814843942:security-control/GuardDuty.7/finding/b047d5e5-695e-409f-bcef-fdd1c7d87838,GuardDuty EKS Runtime Monitoring should be enabled,INFORMATIONAL,RESOLVED,2025-05-18T12:01:19.991Z
arn:aws:securityhub:eu-north-1:122814843942:security-control/GuardDuty.6/finding/f862016c-b154-4b21-8319-c81369bbf756,GuardDuty Lambda Protection should be enabled,INFORMATIONAL,RESOLVED,2025-05-18T12:01:19.930Z
arn:aws:securityhub:eu-north-1:122814843942:security-control/GuardDuty.5/finding/de1198db-c1ab-4cc7-88a2-b95b41ecdecf,GuardDuty EKS Audit Log Monitoring should be enabled,INFORMATIONAL,RESOLVED,2025-05-18T12:01:19.877Z
arn:aws:securityhub:eu-north-1:122814843942:security-control/GuardDuty.13/finding/e46c2558-46ad-41a3-bfd9-fef7ed2c70af,GuardDuty EC2 Runtime Monitoring should be enabled,INFORMATIONAL,RESOLVED,2025-05-18T12:01:19.825Z
arn:aws:securityhub:eu-north-1:122814843942:security-control/GuardDuty.12/finding/8c2fe61c-606b-4951-bd42-a33b070e46b5,GuardDuty ECS Runtime Monitoring should be enabled,INFORMATIONAL,RESOLVED,2025-05-18T12:01:19.766Z
arn:aws:securityhub:eu-north-1:122814843942:security-control/GuardDuty.11/finding/afa7a97c-0559-4317-8c36-ba51f944965b,GuardDuty Runtime Monitoring should be enabled,INFORMATIONAL,RESOLVED,2025-05-18T12:01:19.706Z
arn:aws:securityhub:eu-north-1:122814843942:security-control/GuardDuty.10/finding/fe93b6e6-e405-440c-bb8f-a39dc1e84bf2,GuardDuty S3 Protection should be enabled,INFORMATIONAL,RESOLVED,2025-05-18T12:01:19.656Z
arn:aws:securityhub:eu-north-1:122814843942:security-control/FSx.5/finding/5a5dc6dc-a6c9-4b8a-8b74-390638f7efd9,FSx for Windows File Server file systems should be configured for Multi-AZ deployment,INFORMATIONAL,RESOLVED,2025-05-18T12:01:19.600Z
arn:aws:securityhub:eu-north-1:122814843942:security-control/FSx.4/finding/63edda3b-4441-4e98-af5a-9abe1abe09ce,FSx for NetApp ONTAP file systems should be configured for Multi-AZ deployment,INFORMATIONAL,RESOLVED,2025-05-18T12:01:19.543Z
arn:aws:securityhub:eu-north-1:122814843942:security-control/FSx.3/finding/37e91251-d64d-4d7d-9f4c-c6ffbe1c8bc6,FSx for OpenZFS file systems should be configured for Multi-AZ deployment,INFORMATIONAL,RESOLVED,2025-05-18T12:01:19.489Z
arn:aws:securityhub:eu-north-1:122814843942:security-control/FSx.2/finding/8f626bd8-7380-485f-93d2-99519494e4eb,FSx for Lustre file systems should be configured to copy tags to backups,INFORMATIONAL,RESOLVED,2025-05-18T12:01:19.424Z
arn:aws:securityhub:eu-north-1:122814843942:security-control/FSx.1/finding/0523f3e9-919d-4e7a-ad43-00bd9a5e9011,FSx for OpenZFS file systems should be configured to copy tags to backups and volumes,INFORMATIONAL,RESOLVED,2025-05-18T12:01:19.370Z
arn:aws:securityhub:eu-north-1:122814843942:security-control/ElastiCache.6/finding/2bf4263f-256a-4856-a8b8-23371108be4a,ElastiCache (Redis OSS) replication groups of earlier versions should have Redis OSS AUTH enabled,INFORMATIONAL,RESOLVED,2025-05-18T12:01:19.317Z
arn:aws:securityhub:eu-north-1:122814843942:security-control/ElastiCache.5/finding/a0b6c745-b605-462d-95ac-928e5a1e07bb,ElastiCache replication groups should be encrypted in transit,INFORMATIONAL,RESOLVED,2025-05-18T12:01:19.255Z
arn:aws:securityhub:eu-north-1:122814843942:security-control/ElastiCache.4/finding/248d761c-396c-4d33-87d1-3404b44b708a,ElastiCache replication groups should be encrypted at rest,INFORMATIONAL,RESOLVED,2025-05-18T12:01:19.193Z
arn:aws:securityhub:eu-north-1:122814843942:security-control/ElastiCache.3/finding/8e6be14e-ec29-4372-91af-0696ad434811,ElastiCache replication groups should have automatic failover enabled,INFORMATIONAL,RESOLVED,2025-05-18T12:01:19.124Z
arn:aws:securityhub:eu-north-1:122814843942:security-control/ElastiCache.2/finding/3883ac93-db07-42a7-8d71-c7d637a819b4,ElastiCache clusters should have automatic minor version upgrades enabled,INFORMATIONAL,RESOLVED,2025-05-18T12:01:19.071Z
arn:aws:securityhub:eu-north-1:122814843942:security-control/ElastiCache.1/finding/9b5c2924-aa8e-488a-8016-d2e32c39ede3,ElastiCache (Redis OSS) clusters should have automatic backups enabled,INFORMATIONAL,RESOLVED,2025-05-18T12:01:19.008Z
arn:aws:securityhub:eu-north-1:122814843942:security-control/ES.2/finding/017ec4ae-9e54-4101-ab89-31729aa4584a,Elasticsearch domains should not be publicly accessible,INFORMATIONAL,RESOLVED,2025-05-18T12:01:18.943Z
arn:aws:securityhub:eu-north-1:122814843942:security-control/ES.1/finding/7eae6f6f-8d58-4a14-90ea-52642fc3e84a,Elasticsearch domains should have encryption at-rest enabled,INFORMATIONAL,RESOLVED,2025-05-18T12:01:18.886Z
arn:aws:securityhub:eu-north-1:122814843942:security-control/IAM.2/finding/f000d89b-7a14-4e46-8f81-8da42dd45bae,IAM users should not have IAM policies attached,INFORMATIONAL,NEW,2025-05-18T12:01:18.798Z
arn:aws:securityhub:eu-north-1:122814843942:security-control/IAM.1/finding/bfe22649-7d22-4ed3-8cc9-52b7376af37a,"IAM policies should not allow full ""*"" administrative privileges",INFORMATIONAL,NEW,2025-05-18T12:01:18.769Z
arn:aws:securityhub:eu-north-1:122814843942:security-control/Glue.4/finding/93f86452-749c-4c68-9bfa-20f060af007a,AWS Glue Spark jobs should run on supported versions of AWS Glue,INFORMATIONAL,NEW,2025-05-18T12:01:18.743Z
arn:aws:securityhub:eu-north-1:122814843942:security-control/Glue.3/finding/7e2c27c3-6558-4d98-9181-7568faf01b4d,AWS Glue machine learning transforms should be encrypted at rest,INFORMATIONAL,NEW,2025-05-18T12:01:18.713Z
arn:aws:securityhub:eu-north-1:122814843942:security-control/EventBridge.3/finding/7a9a3423-09e6-4e80-acb5-188255947b8f,EventBridge custom event buses should have a resource-based policy attached,INFORMATIONAL,NEW,2025-05-18T12:01:18.686Z
arn:aws:securityhub:eu-north-1:122814843942:security-control/ElasticBeanstalk.3/finding/ffe359c1-2fce-49e1-bf8e-2ba36f26f9ad,Elastic Beanstalk should stream logs to CloudWatch,INFORMATIONAL,NEW,2025-05-18T12:01:18.655Z
arn:aws:securityhub:eu-north-1:122814843942:security-control/ElasticBeanstalk.2/finding/fb40a742-0d38-4bd2-b526-8934b33828e3,Elastic Beanstalk managed platform updates should be enabled,INFORMATIONAL,NEW,2025-05-18T12:01:18.616Z
arn:aws:securityhub:eu-north-1:122814843942:security-control/ElasticBeanstalk.1/finding/2fd62876-afe3-4e67-ba2d-1592ae9d59ec,Elastic Beanstalk environments should have enhanced health reporting enabled,INFORMATIONAL,NEW,2025-05-18T12:01:18.588Z
arn:aws:securityhub:eu-north-1:122814843942:security-control/ElastiCache.7/finding/12400561-99d7-4c1d-8d9c-235e0e01997e,ElastiCache clusters should not use the default subnet group,INFORMATIONAL,NEW,2025-05-18T12:01:18.561Z
arn:aws:securityhub:eu-north-1:122814843942:security-control/ES.8/finding/49738354-2ca2-4677-805f-8bef3049a361,Connections to Elasticsearch domains should be encrypted using the latest TLS security policy,INFORMATIONAL,NEW,2025-05-18T12:01:18.535Z
arn:aws:securityhub:eu-north-1:122814843942:security-control/ES.7/finding/2b76c800-71c3-436e-b442-0d3df68accd2,Elasticsearch domains should be configured with at least three dedicated master nodes,INFORMATIONAL,NEW,2025-05-18T12:01:18.507Z
arn:aws:securityhub:eu-north-1:122814843942:security-control/ES.6/finding/83234317-4a88-4f9e-98f8-51e54155ff7c,Elasticsearch domains should have at least three data nodes,INFORMATIONAL,NEW,2025-05-18T12:01:18.480Z
arn:aws:securityhub:eu-north-1:122814843942:security-control/ES.5/finding/e045c1ea-94fb-41eb-9bd6-f6250997c439,Elasticsearch domains should have audit logging enabled,INFORMATIONAL,NEW,2025-05-18T12:01:18.455Z
arn:aws:securityhub:eu-north-1:122814843942:security-control/ES.4/finding/d8abbd89-aa3c-465f-a9a9-c638c6c7c026,Elasticsearch domain error logging to CloudWatch Logs should be enabled,INFORMATIONAL,NEW,2025-05-18T12:01:18.427Z
arn:aws:securityhub:eu-north-1:122814843942:security-control/ES.3/finding/c3c8a2d8-5cc6-4a3b-86f1-d91ac43e90d8,Elasticsearch domains should encrypt data sent between nodes,INFORMATIONAL,NEW,2025-05-18T12:01:18.402Z
arn:aws:securityhub:eu-north-1:122814843942:security-control/EMR.4/finding/284b4713-0e13-4d85-bbd8-f17c9f8dc4bc,Amazon EMR security configurations should have encryption in transit enabled,INFORMATIONAL,NEW,2025-05-18T12:01:18.374Z
arn:aws:securityhub:eu-north-1:122814843942:security-control/EMR.3/finding/86cf2b47-2dfc-457f-a7f0-b7906aa83627,Amazon EMR security configurations should have encryption at rest enabled,INFORMATIONAL,NEW,2025-05-18T12:01:18.345Z
arn:aws:securityhub:eu-north-1:122814843942:security-control/EMR.1/finding/514be992-1155-49ad-991a-802e48bf3317,Amazon EMR cluster primary nodes should not have public IP addresses,INFORMATIONAL,NEW,2025-05-18T12:01:18.317Z
arn:aws:securityhub:eu-north-1:122814843942:security-control/ELB.1/finding/62a066a7-6c82-41a1-9a45-c6c8f10e7534,Application Load Balancer should be configured to redirect all HTTP requests to HTTPS,INFORMATIONAL,NEW,2025-05-18T12:01:18.287Z
arn:aws:securityhub:eu-north-1:122814843942:security-control/ELB.9/finding/ac499bf9-e037-410d-822a-080dba4cc551,Classic Load Balancers should have cross-zone load balancing enabled,INFORMATIONAL,NEW,2025-05-18T12:01:18.262Z
arn:aws:securityhub:eu-north-1:122814843942:security-control/ELB.8/finding/fa932969-0cba-45d3-942a-8eb413471e41,Classic Load Balancers with SSL listeners should use a predefined security policy that has strong configuration,INFORMATIONAL,NEW,2025-05-18T12:01:18.233Z
arn:aws:securityhub:eu-north-1:122814843942:security-control/ELB.7/finding/95e351e0-b319-48cf-932c-c1bbcde5c457,Classic Load Balancers should have connection draining enabled,INFORMATIONAL,NEW,2025-05-18T12:01:18.207Z
arn:aws:securityhub:eu-north-1:122814843942:security-control/ELB.6/finding/4ba72120-1d93-44f2-947d-6d67426a4ef3,Application- Gateway- and Network Load Balancers should have deletion protection enabled,INFORMATIONAL,NEW,2025-05-18T12:01:18.169Z
arn:aws:securityhub:eu-north-1:122814843942:security-control/ELB.5/finding/9accce3a-05e2-4aa6-ae7e-4d5460e7529e,Application and Classic Load Balancers logging should be enabled,INFORMATIONAL,NEW,2025-05-18T12:01:18.141Z
arn:aws:securityhub:eu-north-1:122814843942:security-control/ELB.4/finding/87009de7-57f1-4b95-a8c9-54a24024fb35,Application load balancer should be configured to drop invalid http headers,INFORMATIONAL,NEW,2025-05-18T12:01:18.112Z
arn:aws:securityhub:eu-north-1:122814843942:security-control/ELB.3/finding/ce75d270-3d18-4e9b-bf4a-8557d1c51e6a,Classic Load Balancer listeners should be configured with HTTPS or TLS termination,INFORMATIONAL,NEW,2025-05-18T12:01:18.080Z
arn:aws:securityhub:eu-north-1:122814843942:security-control/NetworkFirewall.2/finding/6a5bcbc6-cc60-45a1-9f35-90e9f536dab4,Network Firewall logging should be enabled,INFORMATIONAL,RESOLVED,2025-05-18T12:01:06.046Z
arn:aws:securityhub:eu-north-1:122814843942:security-control/Macie.2/finding/ebefc5c1-421e-424c-b1ac-7304eccce0ea,Macie automated sensitive data discovery should be enabled,INFORMATIONAL,RESOLVED,2025-05-18T12:01:05.993Z
arn:aws:securityhub:eu-north-1:122814843942:security-control/Lambda.5/finding/d29ca81b-74d5-49c1-93a5-54f68cdb2405,VPC Lambda functions should operate in multiple Availability Zones,INFORMATIONAL,RESOLVED,2025-05-18T12:01:05.934Z
arn:aws:securityhub:eu-north-1:122814843942:security-control/Lambda.2/finding/4c1ad926-2234-4155-acaf-0e3569715a99,Lambda functions should use supported runtimes,INFORMATIONAL,RESOLVED,2025-05-18T12:01:05.915Z
arn:aws:securityhub:eu-north-1:122814843942:security-control/Lambda.1/finding/2a2481ba-2619-4b70-8c21-727d6788ca98,Lambda function policies should prohibit public access,INFORMATIONAL,RESOLVED,2025-05-18T12:01:05.897Z
arn:aws:securityhub:eu-north-1:122814843942:security-control/Opensearch.8/finding/8860ea31-907e-4f68-bdc8-bf823766b59d,Connections to OpenSearch domains should be encrypted using the latest TLS security policy,INFORMATIONAL,NEW,2025-05-18T12:01:05.868Z
arn:aws:securityhub:eu-north-1:122814843942:security-control/Opensearch.7/finding/cfed92c9-18ab-4355-bfa3-de52a7cfa2b8,OpenSearch domains should have fine-grained access control enabled,INFORMATIONAL,NEW,2025-05-18T12:01:05.850Z
arn:aws:securityhub:eu-north-1:122814843942:security-control/Opensearch.6/finding/4757c906-e777-471b-a019-1f08723d7d65,OpenSearch domains should have at least three data nodes,INFORMATIONAL,NEW,2025-05-18T12:01:05.833Z
arn:aws:securityhub:eu-north-1:122814843942:security-control/Opensearch.5/finding/ebdf0a35-2ae3-49da-ad82-2de92bd5e675,OpenSearch domains should have audit logging enabled,INFORMATIONAL,NEW,2025-05-18T12:01:05.813Z
arn:aws:securityhub:eu-north-1:122814843942:security-control/Opensearch.4/finding/96139454-8205-4ac6-8e95-c2df1e93253d,OpenSearch domain error logging to CloudWatch Logs should be enabled,INFORMATIONAL,NEW,2025-05-18T12:01:05.794Z
arn:aws:securityhub:eu-north-1:122814843942:security-control/Opensearch.3/finding/b5b3f0cd-f70d-4e8e-b8d1-9c6ee6f7e713,OpenSearch domains should encrypt data sent between nodes,INFORMATIONAL,NEW,2025-05-18T12:01:05.775Z
arn:aws:securityhub:eu-north-1:122814843942:security-control/Opensearch.2/finding/562d49ef-ae27-418f-8373-36175da781bb,OpenSearch domains should not be publicly accessible,INFORMATIONAL,NEW,2025-05-18T12:01:05.758Z
arn:aws:securityhub:eu-north-1:122814843942:security-control/Opensearch.10/finding/286cc34f-1a36-4473-8c56-7c4985c345c1,OpenSearch domains should have the latest software update installed,INFORMATIONAL,NEW,2025-05-18T12:01:05.740Z
arn:aws:securityhub:eu-north-1:122814843942:security-control/Opensearch.1/finding/8813ddbf-a6f2-4d8c-8a56-f1fcf13950d6,OpenSearch domains should have encryption at rest enabled,INFORMATIONAL,NEW,2025-05-18T12:01:05.721Z
arn:aws:securityhub:eu-north-1:122814843942:security-control/NetworkFirewall.9/finding/a27f38b6-7cb8-4622-9c35-d03fc6d0b8c6,Network Firewall firewalls should have deletion protection enabled,INFORMATIONAL,NEW,2025-05-18T12:01:05.700Z
arn:aws:securityhub:eu-north-1:122814843942:security-control/NetworkFirewall.6/finding/33bb92b8-3db8-4495-acd9-0ff9133faf51,Stateless network firewall rule group should not be empty,INFORMATIONAL,NEW,2025-05-18T12:01:05.680Z
arn:aws:securityhub:eu-north-1:122814843942:security-control/NetworkFirewall.5/finding/1d36a105-5c21-470c-85ae-6626f2b65905,The default stateless action for Network Firewall policies should be drop or forward for fragmented packets,INFORMATIONAL,NEW,2025-05-18T12:01:05.644Z
arn:aws:securityhub:eu-north-1:122814843942:security-control/NetworkFirewall.4/finding/560da130-8976-4f83-acb1-b134115daace,The default stateless action for Network Firewall policies should be drop or forward for full packets,INFORMATIONAL,NEW,2025-05-18T12:01:05.627Z
arn:aws:securityhub:eu-north-1:122814843942:security-control/NetworkFirewall.3/finding/febfb318-46f6-411c-8472-924c281417a2,Network Firewall policies should have at least one rule group associated,INFORMATIONAL,NEW,2025-05-18T12:01:05.608Z
arn:aws:securityhub:eu-north-1:122814843942:security-control/NetworkFirewall.10/finding/36d85216-29da-4ba4-9a56-c8f9d3bc928a,Network Firewall firewalls should have subnet change protection enabled,INFORMATIONAL,NEW,2025-05-18T12:01:05.590Z
arn:aws:securityhub:eu-north-1:122814843942:security-control/Neptune.8/finding/debdd23c-f1df-4265-b4b2-9dbeccb3b0dd,Neptune DB clusters should be configured to copy tags to snapshots,INFORMATIONAL,NEW,2025-05-18T12:01:05.572Z
arn:aws:securityhub:eu-north-1:122814843942:security-control/Neptune.7/finding/9b19f888-33f3-4c94-ba27-3a4592099ad4,Neptune DB clusters should have IAM database authentication enabled,INFORMATIONAL,NEW,2025-05-18T12:01:05.555Z
arn:aws:securityhub:eu-north-1:122814843942:security-control/Neptune.6/finding/1a51211b-002f-44c7-8366-b285aaa3e9e7,Neptune DB cluster snapshots should be encrypted at rest,INFORMATIONAL,NEW,2025-05-18T12:01:05.538Z
arn:aws:securityhub:eu-north-1:122814843942:security-control/Neptune.5/finding/2e689812-cd60-44bb-b89d-d645be9bd545,Neptune DB clusters should have automated backups enabled,INFORMATIONAL,NEW,2025-05-18T12:01:05.520Z
arn:aws:securityhub:eu-north-1:122814843942:security-control/Neptune.4/finding/8b3c445a-d050-4faa-a081-e5333f2118ec,Neptune DB clusters should have deletion protection enabled,INFORMATIONAL,NEW,2025-05-18T12:01:05.501Z
arn:aws:securityhub:eu-north-1:122814843942:security-control/Neptune.3/finding/8054ef66-ea86-416f-ab2f-1a718ea902a6,Neptune DB cluster snapshots should not be public,INFORMATIONAL,NEW,2025-05-18T12:01:05.483Z
arn:aws:securityhub:eu-north-1:122814843942:security-control/Neptune.2/finding/80bf461e-4bf4-4f7a-9948-4b7036487143,Neptune DB clusters should publish audit logs to CloudWatch Logs,INFORMATIONAL,NEW,2025-05-18T12:01:05.465Z
arn:aws:securityhub:eu-north-1:122814843942:security-control/Neptune.1/finding/d2d3b8ba-9c84-4833-a1e7-cbbeb980632a,Neptune DB clusters should be encrypted at rest,INFORMATIONAL,NEW,2025-05-18T12:01:05.445Z
arn:aws:securityhub:eu-north-1:122814843942:security-control/MSK.3/finding/3dbc33c2-82eb-4ed6-a24e-3534263ec41a,MSK Connect connectors should be encrypted in transit,INFORMATIONAL,NEW,2025-05-18T12:01:05.426Z
arn:aws:securityhub:eu-north-1:122814843942:security-control/MSK.1/finding/aa4a4d67-e070-4d0a-8654-ac8818631989,MSK clusters should be encrypted in transit among broker nodes,INFORMATIONAL,NEW,2025-05-18T12:01:05.408Z
arn:aws:securityhub:eu-north-1:122814843942:security-control/MQ.3/finding/079f7d3c-c6a8-4a43-94b1-8eef8355cb05,Amazon MQ brokers should have automatic minor version upgrade enabled,INFORMATIONAL,NEW,2025-05-18T12:01:05.390Z
arn:aws:securityhub:eu-north-1:122814843942:security-control/MQ.2/finding/b3bf2fd6-9d58-4b1b-b0a1-2065daa223fd,ActiveMQ brokers should stream audit logs to CloudWatch,INFORMATIONAL,NEW,2025-05-18T12:01:05.371Z
arn:aws:securityhub:eu-north-1:122814843942:security-control/Kinesis.3/finding/83abee2c-da9b-40b9-a064-52e3a75fd6b5,Kinesis streams should have an adequate data retention period,INFORMATIONAL,NEW,2025-05-18T12:01:05.355Z
arn:aws:securityhub:eu-north-1:122814843942:security-control/Kinesis.1/finding/304a2e09-5aa6-4a4b-8d6b-13afc58ad3fd,Kinesis streams should be encrypted at rest,INFORMATIONAL,NEW,2025-05-18T12:01:05.338Z
arn:aws:securityhub:eu-north-1:122814843942:security-control/KMS.5/finding/c40a585a-78e2-44a6-a016-1d0424d10b81,KMS keys should not be publicly accessible,INFORMATIONAL,NEW,2025-05-18T12:01:05.319Z
arn:aws:securityhub:eu-north-1:122814843942:security-control/KMS.3/finding/84e91dbb-eeae-4a5c-a5e2-cf3e746f7f02,AWS KMS keys should not be deleted unintentionally,INFORMATIONAL,NEW,2025-05-18T12:01:05.301Z
arn:aws:securityhub:eu-north-1:122814843942:security-control/KMS.2/finding/08bd9580-0b3b-4c89-b53b-ff6c66212af3,IAM principals should not have IAM inline policies that allow decryption actions on all KMS keys,INFORMATIONAL,NEW,2025-05-18T12:01:05.283Z
arn:aws:securityhub:eu-north-1:122814843942:security-control/KMS.1/finding/52fe7858-84e6-43a7-854d-97847f31c042,IAM customer managed policies should not allow decryption actions on all KMS keys,INFORMATIONAL,NEW,2025-05-18T12:01:05.267Z
arn:aws:securityhub:eu-north-1:122814843942:security-control/IAM.8/finding/4f4c677c-d86a-4bdf-bc67-168cd30f4d25,Unused IAM user credentials should be removed,INFORMATIONAL,NEW,2025-05-18T12:01:05.249Z
arn:aws:securityhub:eu-north-1:122814843942:security-control/IAM.5/finding/1d1ed9b3-47ec-4859-bb87-b6e0a40ead27,MFA should be enabled for all IAM users that have a console password,INFORMATIONAL,NEW,2025-05-18T12:01:05.231Z
arn:aws:securityhub:eu-north-1:122814843942:security-control/IAM.3/finding/bf3141a9-7466-4189-b883-8d5e3ed52770,IAM users' access keys should be rotated every 90 days or less,INFORMATIONAL,NEW,2025-05-18T12:01:05.214Z
arn:aws:securityhub:eu-north-1:122814843942:security-control/IAM.21/finding/896567e6-10a0-4d84-a1c2-1bdf3033b204,IAM customer managed policies that you create should not allow wildcard actions for services,INFORMATIONAL,NEW,2025-05-18T12:01:05.197Z
arn:aws:securityhub:eu-north-1:122814843942:security-control/EKS.3/finding/4a8694b4-b5dd-459a-9276-2bb4a2c03c89,EKS clusters should use encrypted Kubernetes secrets,INFORMATIONAL,RESOLVED,2025-05-18T12:00:26.036Z
arn:aws:securityhub:eu-north-1:122814843942:security-control/EKS.1/finding/27f3ea61-8f2b-4874-8478-40c40b04e8ab,EKS cluster endpoints should not be publicly accessible,INFORMATIONAL,RESOLVED,2025-05-18T12:00:25.965Z
arn:aws:securityhub:eu-north-1:122814843942:security-control/EFS.6/finding/df29d58e-c37f-42d8-b341-1002bec5a13b,EFS mount targets should not be associated with a public subnet,INFORMATIONAL,RESOLVED,2025-05-18T12:00:25.908Z
arn:aws:securityhub:eu-north-1:122814843942:security-control/EFS.2/finding/84b014ae-d1df-46eb-8879-8d2a9af4fdda,Amazon EFS volumes should be in backup plans,INFORMATIONAL,RESOLVED,2025-05-18T12:00:25.848Z
arn:aws:securityhub:eu-north-1:122814843942:security-control/EFS.1/finding/6189022c-a910-4313-9f0b-0bb1725c82d9,Elastic File System should be configured to encrypt file data at-rest using AWS KMS,INFORMATIONAL,RESOLVED,2025-05-18T12:00:25.793Z
arn:aws:securityhub:eu-north-1:122814843942:security-control/ECR.1/finding/2711ad5a-aa04-4b43-b978-c05fe5cba3de,ECR private repositories should have image scanning configured,INFORMATIONAL,RESOLVED,2025-05-18T12:00:25.719Z
arn:aws:securityhub:eu-north-1:122814843942:security-control/ELB.2/finding/addf40c7-82c4-4357-930f-e0b63f781268,Classic Load Balancers with SSL/HTTPS listeners should use a certificate provided by AWS Certificate Manager,INFORMATIONAL,NEW,2025-05-18T12:00:25.660Z
arn:aws:securityhub:eu-north-1:122814843942:security-control/ELB.17/finding/383bce9b-0e30-450a-911a-c4dcc5be7b3a,Application and Network Load Balancers with listeners should use recommended security policies,INFORMATIONAL,NEW,2025-05-18T12:00:25.640Z
arn:aws:securityhub:eu-north-1:122814843942:security-control/ELB.14/finding/7b21eef6-0d42-4648-a2e7-152a7128698c,Classic Load Balancer should be configured with defensive or strictest desync mitigation mode,INFORMATIONAL,NEW,2025-05-18T12:00:25.622Z
arn:aws:securityhub:eu-north-1:122814843942:security-control/ELB.13/finding/509dba0e-bf99-4b97-9472-184b760156c1,Application- Network and Gateway Load Balancers should span multiple Availability Zones,INFORMATIONAL,NEW,2025-05-18T12:00:25.603Z
arn:aws:securityhub:eu-north-1:122814843942:security-control/ELB.12/finding/91eeacd8-51d1-4d75-bf8a-c2230bb35fcf,Application Load Balancer should be configured with defensive or strictest desync mitigation mode,INFORMATIONAL,NEW,2025-05-18T12:00:25.584Z
arn:aws:securityhub:eu-north-1:122814843942:security-control/ELB.10/finding/ed4f6c70-6df5-498c-b125-8cf082eb0ef6,Classic Load Balancer should span multiple Availability Zones,INFORMATIONAL,NEW,2025-05-18T12:00:25.565Z
arn:aws:securityhub:eu-north-1:122814843942:security-control/EKS.8/finding/53c4704f-fe00-41dd-bac0-88b1156de715,EKS clusters should have audit logging enabled,INFORMATIONAL,NEW,2025-05-18T12:00:25.546Z
arn:aws:securityhub:eu-north-1:122814843942:security-control/EKS.2/finding/fdafdec9-5e9a-469d-a57c-1bd07c921f44,EKS clusters should run on a supported Kubernetes version,INFORMATIONAL,NEW,2025-05-18T12:00:25.527Z
arn:aws:securityhub:eu-north-1:122814843942:security-control/EFS.8/finding/f864235c-90bb-42a4-8df5-e19564976ed1,EFS file systems should be encrypted at rest,INFORMATIONAL,NEW,2025-05-18T12:00:25.507Z
arn:aws:securityhub:eu-north-1:122814843942:security-control/EFS.7/finding/19a03d27-7415-4149-8061-486862071984,EFS file systems should have automatic backups enabled,INFORMATIONAL,NEW,2025-05-18T12:00:25.489Z
arn:aws:securityhub:eu-north-1:122814843942:security-control/EFS.4/finding/e60666fa-e3be-484a-87fc-a12e7f50d40f,EFS access points should enforce a user identity,INFORMATIONAL,NEW,2025-05-18T12:00:25.469Z
arn:aws:securityhub:eu-north-1:122814843942:security-control/EFS.3/finding/ffdbeb70-af62-4255-becd-664d294fd14f,EFS access points should enforce a root directory,INFORMATIONAL,NEW,2025-05-18T12:00:25.449Z
arn:aws:securityhub:eu-north-1:122814843942:security-control/ECS.9/finding/271a79c6-66eb-48c9-9eef-5ddc8476c7ea,ECS task definitions should have a logging configuration,INFORMATIONAL,NEW,2025-05-18T12:00:25.430Z
arn:aws:securityhub:eu-north-1:122814843942:security-control/ECS.8/finding/844c043e-e990-41e3-9dc0-98f741124518,Secrets should not be passed as container environment variables,INFORMATIONAL,NEW,2025-05-18T12:00:25.412Z
arn:aws:securityhub:eu-north-1:122814843942:security-control/ECS.5/finding/47ecead4-bfcd-4a59-8665-5053a4821b51,ECS containers should be limited to read-only access to root filesystems,INFORMATIONAL,NEW,2025-05-18T12:00:25.394Z
arn:aws:securityhub:eu-north-1:122814843942:security-control/ECS.4/finding/eb0940f5-1e5d-449a-bd1d-ddfa98a7eeac,ECS containers should run as non-privileged,INFORMATIONAL,NEW,2025-05-18T12:00:25.375Z
arn:aws:securityhub:eu-north-1:122814843942:security-control/ECS.3/finding/652f0afb-1043-4bbf-a865-625e01ae0b6b,ECS task definitions should not share the host's process namespace,INFORMATIONAL,NEW,2025-05-18T12:00:25.357Z
arn:aws:securityhub:eu-north-1:122814843942:security-control/ECS.2/finding/cc3b1a1d-6082-4085-b361-efdf6dc5708e,ECS services should not have public IP addresses assigned to them automatically,INFORMATIONAL,NEW,2025-05-18T12:00:25.338Z
arn:aws:securityhub:eu-north-1:122814843942:security-control/ECS.16/finding/796a1111-41e9-4945-ab1b-16b1849d3793,ECS task sets should not automatically assign public IP addresses,INFORMATIONAL,NEW,2025-05-18T12:00:25.321Z
arn:aws:securityhub:eu-north-1:122814843942:security-control/ECS.12/finding/6446e914-8e3a-443d-8338-b95904f01821,ECS clusters should use Container Insights,INFORMATIONAL,NEW,2025-05-18T12:00:25.303Z
arn:aws:securityhub:eu-north-1:122814843942:security-control/ECS.10/finding/407859ad-3a7c-4115-901b-8abcd733d808,ECS Fargate services should run on the latest Fargate platform version,INFORMATIONAL,NEW,2025-05-18T12:00:25.284Z
arn:aws:securityhub:eu-north-1:122814843942:security-control/ECS.1/finding/8995dbbf-6413-4ee8-8027-128818d4c2d1,Amazon ECS task definitions should have secure networking modes and user definitions.,INFORMATIONAL,NEW,2025-05-18T12:00:25.266Z
arn:aws:securityhub:eu-north-1:122814843942:security-control/ECR.3/finding/d46a2048-6408-4c31-92d3-08f0618f5e0c,ECR repositories should have at least one lifecycle policy configured,INFORMATIONAL,NEW,2025-05-18T12:00:25.248Z
arn:aws:securityhub:eu-north-1:122814843942:security-control/ECR.2/finding/84ecd903-d760-487e-858c-7b430602db15,ECR private repositories should have tag immutability configured,INFORMATIONAL,NEW,2025-05-18T12:00:25.225Z
arn:aws:securityhub:eu-north-1:122814843942:security-control/EC2.9/finding/a689fcf3-0fc5-4f5f-ab53-37da5c38aa3d,EC2 instances should not have a public IPv4 address,INFORMATIONAL,NEW,2025-05-18T12:00:25.208Z
arn:aws:securityhub:eu-north-1:122814843942:security-control/EC2.8/finding/60e1734e-54c3-4822-875b-d4feed6a6738,EC2 instances should use Instance Metadata Service Version 2 (IMDSv2),INFORMATIONAL,NEW,2025-05-18T12:00:25.189Z
arn:aws:securityhub:eu-north-1:122814843942:security-control/EC2.51/finding/370e7a63-3319-42c3-a87d-584e64784ef1,EC2 Client VPN endpoints should have client connection logging enabled,INFORMATIONAL,NEW,2025-05-18T12:00:25.171Z
arn:aws:securityhub:eu-north-1:122814843942:security-control/EC2.4/finding/b7bf784b-5a6b-4cc4-acc7-fb0b801db2b3,Stopped EC2 instances should be removed after a specified time period,INFORMATIONAL,NEW,2025-05-18T12:00:25.153Z
arn:aws:securityhub:eu-north-1:122814843942:security-control/EC2.3/finding/9f8dccbf-0b4f-47f0-882d-a6f4bec66933,Attached EBS volumes should be encrypted at-rest,INFORMATIONAL,NEW,2025-05-18T12:00:25.134Z
arn:aws:securityhub:eu-north-1:122814843942:security-control/EC2.25/finding/0b2e27ec-e7dd-43fc-ab7c-4c5db13daeab,EC2 launch templates should not assign public IPs to network interfaces,INFORMATIONAL,NEW,2025-05-18T12:00:25.105Z
arn:aws:securityhub:eu-north-1:122814843942:security-control/EC2.23/finding/6d8e9d4b-071e-4a95-9b9f-e399c83a3f8e,EC2 Transit Gateways should not automatically accept VPC attachment requests,INFORMATIONAL,NEW,2025-05-18T12:00:25.088Z
arn:aws:securityhub:eu-north-1:122814843942:security-control/EC2.21/finding/bbb3c128-dcd9-4595-9eae-4b3a022bf369,Network ACLs should not allow ingress from 0.0.0.0/0 to port 22 or port 3389,INFORMATIONAL,NEW,2025-05-18T12:00:25.070Z
arn:aws:securityhub:eu-north-1:122814843942:security-control/EC2.20/finding/4d6a846c-bfb6-4e38-881d-9c1a1d28322e,Both VPN tunnels for an AWS Site-to-Site VPN connection should be up,INFORMATIONAL,NEW,2025-05-18T12:00:25.053Z
arn:aws:securityhub:eu-north-1:122814843942:security-control/EC2.2/finding/367617ac-e8c6-4045-8942-3cddcec6e9ac,VPC default security groups should not allow inbound or outbound traffic,INFORMATIONAL,NEW,2025-05-18T12:00:25.035Z
arn:aws:securityhub:eu-north-1:122814843942:security-control/EC2.19/finding/c07bd8bc-76ca-453e-95a8-51659c993b84,Security groups should not allow unrestricted access to ports with high risk,INFORMATIONAL,NEW,2025-05-18T12:00:25.016Z
arn:aws:securityhub:eu-north-1:122814843942:security-control/EC2.18/finding/116809c2-ce9b-461a-b1e9-075b4d848ca5,Security groups should only allow unrestricted incoming traffic for authorized ports,INFORMATIONAL,NEW,2025-05-18T12:00:25.000Z
arn:aws:securityhub:eu-north-1:122814843942:security-control/EC2.172/finding/89f83007-570e-47f0-b26b-a6b91977559e,EC2 VPC Block Public Access settings should block internet gateway traffic,INFORMATIONAL,NEW,2025-05-18T12:00:24.981Z
arn:aws:securityhub:eu-north-1:122814843942:security-control/DataFirehose.1/finding/2282221c-5a3d-4c4c-bc1a-a32f6718d1d9,Firehose delivery streams should be encrypted at rest,INFORMATIONAL,RESOLVED,2025-05-18T12:00:23.020Z
arn:aws:securityhub:eu-north-1:122814843942:security-control/DMS.1/finding/6b3f302a-804e-466e-86be-aa501bcac55b,Database Migration Service replication instances should not be public,INFORMATIONAL,RESOLVED,2025-05-18T12:00:22.965Z
arn:aws:securityhub:eu-north-1:122814843942:security-control/CloudTrail.5/finding/af02ec8e-410f-4008-8678-2a61b5a22ca1,CloudTrail trails should be integrated with Amazon CloudWatch Logs,INFORMATIONAL,RESOLVED,2025-05-18T12:00:22.906Z
arn:aws:securityhub:eu-north-1:122814843942:security-control/CloudTrail.4/finding/67162e16-3a0e-4d1b-acf7-8c32118f3a68,CloudTrail log file validation should be enabled,INFORMATIONAL,RESOLVED,2025-05-18T12:00:22.884Z
arn:aws:securityhub:eu-north-1:122814843942:security-control/CloudTrail.2/finding/d72564bf-eb8e-4281-8a7f-a95fd63629cb,CloudTrail should have encryption at-rest enabled,INFORMATIONAL,RESOLVED,2025-05-18T12:00:22.862Z
arn:aws:securityhub:eu-north-1:122814843942:security-control/APIGateway.8/finding/a012cee1-5c2f-4f3b-88c3-c8d324271ded,API Gateway routes should specify an authorization type,INFORMATIONAL,RESOLVED,2025-05-18T12:00:22.840Z
arn:aws:securityhub:eu-north-1:122814843942:security-control/EC2.171/finding/096a56f0-8b43-4a17-8275-9f3ee6a5e8fc,EC2 VPN connections should have logging enabled,INFORMATIONAL,NEW,2025-05-18T12:00:22.768Z
arn:aws:securityhub:eu-north-1:122814843942:security-control/EC2.170/finding/a77d87e8-fd59-4daa-b3c5-67a3ea5fab86,EC2 launch templates should use Instance Metadata Service Version 2 (IMDSv2),INFORMATIONAL,NEW,2025-05-18T12:00:22.745Z
arn:aws:securityhub:eu-north-1:122814843942:security-control/EC2.17/finding/74ad514e-164c-46ae-8bca-2d4cae1415f0,EC2 instances should not use multiple ENIs,INFORMATIONAL,NEW,2025-05-18T12:00:22.722Z
arn:aws:securityhub:eu-north-1:122814843942:security-control/EC2.16/finding/ba2bbe9d-5bf3-480b-bc33-7297c2cc9030,Unused Network Access Control Lists should be removed,INFORMATIONAL,NEW,2025-05-18T12:00:22.699Z
arn:aws:securityhub:eu-north-1:122814843942:security-control/EC2.15/finding/b127e2a1-514c-4620-a36d-6fc65ebfc7f8,EC2 subnets should not automatically assign public IP addresses,INFORMATIONAL,NEW,2025-05-18T12:00:22.678Z
arn:aws:securityhub:eu-north-1:122814843942:security-control/DynamoDB.6/finding/95143fe8-efcb-486f-bfe4-728fd8123822,DynamoDB tables should have deletion protection enabled,INFORMATIONAL,NEW,2025-05-18T12:00:22.655Z
arn:aws:securityhub:eu-north-1:122814843942:security-control/DynamoDB.2/finding/d76723b0-4340-4811-af8e-8d86cd349745,DynamoDB tables should have point-in-time recovery enabled,INFORMATIONAL,NEW,2025-05-18T12:00:22.632Z
arn:aws:securityhub:eu-north-1:122814843942:security-control/DynamoDB.1/finding/e4c18f3f-9314-48e5-9b31-a92eb905312d,DynamoDB tables should automatically scale capacity with demand,INFORMATIONAL,NEW,2025-05-18T12:00:22.599Z
arn:aws:securityhub:eu-north-1:122814843942:security-control/DataSync.1/finding/0adf0ab4-ec54-492f-ba91-004244ba659f,DataSync tasks should have logging enabled,INFORMATIONAL,NEW,2025-05-18T12:00:22.578Z
arn:aws:securityhub:eu-north-1:122814843942:security-control/DMS.9/finding/9a8fc56b-6faa-44af-899b-22c14d2c16b2,DMS endpoints should use SSL,INFORMATIONAL,NEW,2025-05-18T12:00:22.556Z
arn:aws:securityhub:eu-north-1:122814843942:security-control/DMS.8/finding/8ca9baa3-86fd-475e-aa22-cf401f79248a,DMS replication tasks for the source database should have logging enabled,INFORMATIONAL,NEW,2025-05-18T12:00:22.535Z
arn:aws:securityhub:eu-north-1:122814843942:security-control/DMS.7/finding/02428c69-e049-4379-afc5-447872be7dff,DMS replication tasks for the target database should have logging enabled,INFORMATIONAL,NEW,2025-05-18T12:00:22.509Z
arn:aws:securityhub:eu-north-1:122814843942:security-control/DMS.6/finding/9e3bfb3f-4a36-43fc-82ce-7e41de5357ce,DMS replication instances should have automatic minor version upgrade enabled,INFORMATIONAL,NEW,2025-05-18T12:00:22.486Z
arn:aws:securityhub:eu-north-1:122814843942:security-control/DMS.12/finding/6368a69d-463c-449e-a0db-52dd2829b959,DMS endpoints for Redis OSS should have TLS enabled,INFORMATIONAL,NEW,2025-05-18T12:00:22.464Z
arn:aws:securityhub:eu-north-1:122814843942:security-control/DMS.11/finding/2ced0f99-376c-4f73-a3a9-e4cdb0e7890d,DMS endpoints for MongoDB should have an authentication mechanism enabled,INFORMATIONAL,NEW,2025-05-18T12:00:22.442Z
arn:aws:securityhub:eu-north-1:122814843942:security-control/DMS.10/finding/8b3dc5b8-1757-4c11-bd89-de3ee1f98010,DMS endpoints for Neptune databases should have IAM authorization enabled,INFORMATIONAL,NEW,2025-05-18T12:00:22.421Z
arn:aws:securityhub:eu-north-1:122814843942:security-control/Cognito.1/finding/a6246a00-76e0-46d0-bd27-8dca834e3652,Cognito user pools should have threat protection activated with full function enforcement mode for standard authentication,INFORMATIONAL,NEW,2025-05-18T12:00:22.398Z
arn:aws:securityhub:eu-north-1:122814843942:security-control/CodeBuild.7/finding/2b791d2b-ff20-4776-95fe-bb3c47e90eae,CodeBuild report group exports should be encrypted at rest,INFORMATIONAL,NEW,2025-05-18T12:00:22.377Z
arn:aws:securityhub:eu-north-1:122814843942:security-control/CodeBuild.4/finding/94ba7219-aeb8-4f67-bfc6-7dd0a4e459c1,CodeBuild project environments should have a logging configuration,INFORMATIONAL,NEW,2025-05-18T12:00:22.355Z
arn:aws:securityhub:eu-north-1:122814843942:security-control/CodeBuild.3/finding/e445c2ac-9025-4c42-afec-5861dc949318,CodeBuild S3 logs should be encrypted,INFORMATIONAL,NEW,2025-05-18T12:00:22.334Z
arn:aws:securityhub:eu-north-1:122814843942:security-control/CodeBuild.2/finding/2d2124f6-a525-4d79-ba03-d8ec1ad1197f,CodeBuild project environment variables should not contain clear text credentials,INFORMATIONAL,NEW,2025-05-18T12:00:22.294Z
arn:aws:securityhub:eu-north-1:122814843942:security-control/CodeBuild.1/finding/279a03f3-19bb-490e-8a91-cbf5aa3a3228,CodeBuild Bitbucket source repository URLs should not contain sensitive credentials,INFORMATIONAL,NEW,2025-05-18T12:00:22.271Z
arn:aws:securityhub:eu-north-1:122814843942:security-control/Backup.1/finding/fa4c9310-8984-4fff-af3a-36a514ef1202,AWS Backup recovery points should be encrypted at rest,INFORMATIONAL,NEW,2025-05-18T12:00:22.249Z
arn:aws:securityhub:eu-north-1:122814843942:security-control/Autoscaling.5/finding/1dc7cc9f-d8f7-4500-a754-19ce62590a0d,Amazon EC2 instances launched using Auto Scaling group launch configurations should not have Public IP addresses,INFORMATIONAL,NEW,2025-05-18T12:00:22.227Z
arn:aws:securityhub:eu-north-1:122814843942:security-control/AutoScaling.9/finding/b4b98e03-52b5-45c3-ab9d-0b6df7a74cbe,EC2 Auto Scaling groups should use EC2 launch templates,INFORMATIONAL,NEW,2025-05-18T12:00:22.204Z
arn:aws:securityhub:eu-north-1:122814843942:security-control/AutoScaling.6/finding/b70978ab-5dd5-4793-bb98-3b56f4a20576,Auto Scaling groups should use multiple instance types in multiple Availability Zones,INFORMATIONAL,NEW,2025-05-18T12:00:22.183Z
arn:aws:securityhub:eu-north-1:122814843942:security-control/AutoScaling.3/finding/0039aad2-4ac6-4d33-92ec-564c1212a808,Auto Scaling group launch configurations should configure EC2 instances to require Instance Metadata Service Version 2 (IMDSv2),INFORMATIONAL,NEW,2025-05-18T12:00:22.161Z
arn:aws:securityhub:eu-north-1:122814843942:security-control/AutoScaling.2/finding/3e21739f-83c2-4beb-8b91-480783f996c1,Amazon EC2 Auto Scaling group should cover multiple Availability Zones,INFORMATIONAL,NEW,2025-05-18T12:00:22.138Z
arn:aws:securityhub:eu-north-1:122814843942:security-control/AutoScaling.1/finding/860609a8-ae8e-4738-ad99-481ea68a9082,Auto scaling groups associated with a load balancer should use ELB health checks,INFORMATIONAL,NEW,2025-05-18T12:00:22.116Z
arn:aws:securityhub:eu-north-1:122814843942:security-control/Athena.4/finding/1c7c342e-3080-4f53-9d77-d3b54801d6af,Athena workgroups should have logging enabled,INFORMATIONAL,NEW,2025-05-18T12:00:22.092Z
arn:aws:securityhub:eu-north-1:122814843942:security-control/AppSync.5/finding/23b213f3-5733-4aa1-95ab-c95677edc4e9,AWS AppSync GraphQL APIs should not be authenticated with API keys,INFORMATIONAL,NEW,2025-05-18T12:00:22.068Z
arn:aws:securityhub:eu-north-1:122814843942:security-control/AppSync.2/finding/ba4c561d-6a55-4319-a3c4-e5393c53c28f,AWS AppSync should have field-level logging enabled,INFORMATIONAL,NEW,2025-05-18T12:00:22.044Z
arn:aws:securityhub:eu-north-1:122814843942:security-control/APIGateway.9/finding/6cc0702d-771a-45ea-bbf8-bac1fac3d402,Access logging should be configured for API Gateway V2 Stages,INFORMATIONAL,NEW,2025-05-18T12:00:22.023Z
arn:aws:securityhub:eu-north-1:122814843942:security-control/APIGateway.5/finding/10d9a92e-38e4-4d55-9bd6-568fe3be665f,API Gateway REST API cache data should be encrypted at rest,INFORMATIONAL,NEW,2025-05-18T12:00:22.001Z
arn:aws:securityhub:eu-north-1:122814843942:security-control/APIGateway.4/finding/2b220620-c160-4864-8049-b02059ab40a4,API Gateway should be associated with a WAF Web ACL,INFORMATIONAL,NEW,2025-05-18T12:00:21.974Z
arn:aws:securityhub:eu-north-1:122814843942:security-control/APIGateway.3/finding/6d73d89b-7ff0-4f12-9592-85931c3c29d5,API Gateway REST API stages should have AWS X-Ray tracing enabled,INFORMATIONAL,NEW,2025-05-18T12:00:21.949Z
arn:aws:securityhub:eu-north-1:122814843942:security-control/APIGateway.2/finding/9b2eb6f1-ba6a-4032-a7df-5d50a551d07b,API Gateway REST API stages should be configured to use SSL certificates for backend authentication,INFORMATIONAL,NEW,2025-05-18T12:00:21.923Z
arn:aws:securityhub:eu-north-1:122814843942:security-control/APIGateway.1/finding/50d74b10-92f5-4eb8-a13d-fd3f96ea67fa,API Gateway REST and WebSocket API execution logging should be enabled,INFORMATIONAL,NEW,2025-05-18T12:00:21.896Z
arn:aws:securityhub:eu-north-1:122814843942:security-control/ACM.2/finding/a78aa1e7-1220-4c88-a4b8-16f0440254e0,RSA certificates managed by ACM should use a key length of at least 2-048 bits,INFORMATIONAL,NEW,2025-05-18T12:00:21.857Z
arn:aws:securityhub:eu-north-1:122814843942:security-control/ACM.1/finding/d9d8dec6-622f-4222-9d6c-883588cb213c,Imported and ACM-issued certificates should be renewed after a specified time period,INFORMATIONAL,NEW,2025-05-18T12:00:21.829Z
arn:aws:securityhub:eu-north-1:122814843942:security-control/RedshiftServerless.6/finding/3b73a6e2-2541-4eaa-9ebf-4544e6a293fc,Redshift Serverless namespaces should export logs to CloudWatch Logs,INFORMATIONAL,RESOLVED,2025-05-18T11:59:34.860Z
arn:aws:securityhub:eu-north-1:122814843942:security-control/RedshiftServerless.5/finding/c236e8c1-51d1-4060-bea7-16d5bd31444a,Redshift Serverless namespaces should not use the default admin username,INFORMATIONAL,RESOLVED,2025-05-18T11:59:34.806Z
arn:aws:securityhub:eu-north-1:122814843942:security-control/RedshiftServerless.3/finding/9c4d7070-30b5-4aa2-8f42-bd1e141d6756,Redshift Serverless workgroups should prohibit public access,INFORMATIONAL,RESOLVED,2025-05-18T11:59:34.746Z
arn:aws:securityhub:eu-north-1:122814843942:security-control/RedshiftServerless.2/finding/7efc89b8-c347-4db7-b694-00b3d9bd594e,Connections to Redshift Serverless workgroups should be required to use SSL,INFORMATIONAL,RESOLVED,2025-05-18T11:59:34.689Z
arn:aws:securityhub:eu-north-1:122814843942:security-control/RedshiftServerless.1/finding/f740f86b-96b3-452d-a1c5-16a770223de6,Amazon Redshift Serverless workgroups should use enhanced VPC routing,INFORMATIONAL,RESOLVED,2025-05-18T11:59:34.635Z
arn:aws:securityhub:eu-north-1:122814843942:security-control/Redshift.15/finding/5d5e0e0e-564e-450f-9fb4-2afc59512712,Redshift security groups should allow ingress on the cluster port only from restricted origins,INFORMATIONAL,RESOLVED,2025-05-18T11:59:34.574Z
arn:aws:securityhub:eu-north-1:122814843942:security-control/RDS.44/finding/935b5e5c-4d85-4f48-b88d-c8c55ee23fa0,RDS for MariaDB DB instances should be encrypted in transit,INFORMATIONAL,RESOLVED,2025-05-18T11:59:34.521Z
arn:aws:securityhub:eu-north-1:122814843942:security-control/RDS.42/finding/284d05e5-d072-4ba1-a7f3-3632e01a3ba1,RDS for MariaDB DB instances should publish logs to CloudWatch Logs,INFORMATIONAL,RESOLVED,2025-05-18T11:59:34.456Z
arn:aws:securityhub:eu-north-1:122814843942:security-control/RDS.41/finding/c7848d54-14e5-41cc-be63-73405305a58c,RDS for SQL Server DB instances should be encrypted in transit,INFORMATIONAL,RESOLVED,2025-05-18T11:59:34.395Z
arn:aws:securityhub:eu-north-1:122814843942:security-control/RDS.39/finding/f70953de-6b9c-45d8-97f9-9aeed43d796e,RDS for MySQL DB instances should be encrypted in transit,INFORMATIONAL,RESOLVED,2025-05-18T11:59:34.326Z
arn:aws:securityhub:eu-north-1:122814843942:security-control/RDS.38/finding/96082dcb-7008-4e19-92b5-ff56b7398cd3,RDS for PostgreSQL DB instances should be encrypted in transit,INFORMATIONAL,RESOLVED,2025-05-18T11:59:34.261Z
arn:aws:securityhub:eu-north-1:122814843942:security-control/PCA.1/finding/f5528ca1-a5e6-4fde-aa04-ce6ef15f0a87,AWS Private CA root certificate authority should be disabled,INFORMATIONAL,RESOLVED,2025-05-18T11:59:34.194Z
arn:aws:securityhub:eu-north-1:122814843942:security-control/Redshift.9/finding/88f91808-1d73-40e2-aad4-c33b4c0a4aa6,Redshift clusters should not use the default database name,INFORMATIONAL,NEW,2025-05-18T11:59:34.117Z
arn:aws:securityhub:eu-north-1:122814843942:security-control/Redshift.8/finding/aefd57d2-7639-4eb8-896b-849f3f342d84,Amazon Redshift clusters should not use the default Admin username,INFORMATIONAL,NEW,2025-05-18T11:59:34.080Z
arn:aws:securityhub:eu-north-1:122814843942:security-control/Redshift.7/finding/af926b8f-bdea-449e-9106-1303d0ea5e32,Redshift clusters should use enhanced VPC routing,INFORMATIONAL,NEW,2025-05-18T11:59:34.053Z
arn:aws:securityhub:eu-north-1:122814843942:security-control/Redshift.6/finding/0acb6d51-a99e-4ece-b565-f43299f9ebaf,Amazon Redshift should have automatic upgrades to major versions enabled,INFORMATIONAL,NEW,2025-05-18T11:59:34.026Z
arn:aws:securityhub:eu-north-1:122814843942:security-control/Redshift.4/finding/2f19d6de-8225-40d9-99a5-202bab229d47,Amazon Redshift clusters should have audit logging enabled,INFORMATIONAL,NEW,2025-05-18T11:59:33.998Z
arn:aws:securityhub:eu-north-1:122814843942:security-control/Redshift.3/finding/6370fd9d-43fb-42b3-b317-71437b364ba6,Amazon Redshift clusters should have automatic snapshots enabled,INFORMATIONAL,NEW,2025-05-18T11:59:33.969Z
arn:aws:securityhub:eu-north-1:122814843942:security-control/Redshift.2/finding/b905a364-a0b0-4952-bcc6-42db88278cb5,Connections to Amazon Redshift clusters should be encrypted in transit,INFORMATIONAL,NEW,2025-05-18T11:59:33.941Z
arn:aws:securityhub:eu-north-1:122814843942:security-control/Redshift.10/finding/103b4f6b-7535-4638-880b-05811d60c669,Redshift clusters should be encrypted at rest,INFORMATIONAL,NEW,2025-05-18T11:59:33.912Z
arn:aws:securityhub:eu-north-1:122814843942:security-control/Redshift.1/finding/d056d058-21e9-4b85-9639-6313412f8eea,Amazon Redshift clusters should prohibit public access,INFORMATIONAL,NEW,2025-05-18T11:59:33.863Z
arn:aws:securityhub:eu-north-1:122814843942:security-control/RDS.9/finding/20f0e41e-5ba3-4e92-a310-a8f5f0a23894,RDS DB instances should publish logs to CloudWatch Logs,INFORMATIONAL,NEW,2025-05-18T11:59:33.835Z
arn:aws:securityhub:eu-north-1:122814843942:security-control/RDS.8/finding/a8e8ae94-9efb-43c0-a91e-959df713a484,RDS DB instances should have deletion protection enabled,INFORMATIONAL,NEW,2025-05-18T11:59:33.807Z
arn:aws:securityhub:eu-north-1:122814843942:security-control/RDS.7/finding/7e3525a5-d05d-4dbe-83de-2d1af48b1a53,RDS clusters should have deletion protection enabled,INFORMATIONAL,NEW,2025-05-18T11:59:33.778Z
arn:aws:securityhub:eu-north-1:122814843942:security-control/RDS.6/finding/1acb91bd-1d17-4516-896e-5f304a288cd8,Enhanced monitoring should be configured for RDS DB instances,INFORMATIONAL,NEW,2025-05-18T11:59:33.751Z
arn:aws:securityhub:eu-north-1:122814843942:security-control/RDS.5/finding/c41f2310-eaa8-49cd-a34a-2bdd149fdded,RDS DB instances should be configured with multiple Availability Zones,INFORMATIONAL,NEW,2025-05-18T11:59:33.723Z
arn:aws:securityhub:eu-north-1:122814843942:security-control/RDS.40/finding/a2a1f69f-f734-4515-8708-37a4bf205935,RDS for SQL Server DB instances should publish logs to CloudWatch Logs,INFORMATIONAL,NEW,2025-05-18T11:59:33.695Z
arn:aws:securityhub:eu-north-1:122814843942:security-control/RDS.4/finding/97e108d1-c753-4bf7-bdf7-ab0992b9e4f5,RDS cluster snapshots and database snapshots should be encrypted at rest,INFORMATIONAL,NEW,2025-05-18T11:59:33.667Z
arn:aws:securityhub:eu-north-1:122814843942:security-control/RDS.37/finding/c17e2f0b-bf7b-474c-8483-b955d7804f73,Aurora PostgreSQL DB clusters should publish logs to CloudWatch Logs,INFORMATIONAL,NEW,2025-05-18T11:59:33.639Z
arn:aws:securityhub:eu-north-1:122814843942:security-control/RDS.36/finding/eeb23171-c3de-4058-9ace-efd7453e3ed6,RDS for PostgreSQL DB instances should publish logs to CloudWatch Logs,INFORMATIONAL,NEW,2025-05-18T11:59:33.611Z
arn:aws:securityhub:eu-north-1:122814843942:security-control/RDS.35/finding/7905499e-0cee-48f0-b6fb-849cd792a5a0,RDS DB clusters should have automatic minor version upgrade enabled,INFORMATIONAL,NEW,2025-05-18T11:59:33.582Z
arn:aws:securityhub:eu-north-1:122814843942:security-control/RDS.34/finding/04badc5b-f5e0-4f05-8513-bd95a082e9f3,Aurora MySQL DB clusters should publish audit logs to CloudWatch Logs,INFORMATIONAL,NEW,2025-05-18T11:59:33.553Z
arn:aws:securityhub:eu-north-1:122814843942:security-control/RDS.3/finding/ff958b83-dedf-4f3d-bd63-55cb79f76dfd,RDS DB instances should have encryption at-rest enabled,INFORMATIONAL,NEW,2025-05-18T11:59:33.525Z
arn:aws:securityhub:eu-north-1:122814843942:security-control/RDS.27/finding/19aa9f73-4a4b-4826-bc87-fe31910d827c,RDS DB clusters should be encrypted at rest,INFORMATIONAL,NEW,2025-05-18T11:59:33.496Z
arn:aws:securityhub:eu-north-1:122814843942:security-control/RDS.25/finding/942d4cb3-4d6b-4ef7-a51c-32239af1429d,RDS database instances should use a custom administrator username,INFORMATIONAL,NEW,2025-05-18T11:59:33.467Z
arn:aws:securityhub:eu-north-1:122814843942:security-control/RDS.24/finding/ccefa744-62ee-4b7c-957c-5482ffdc4795,RDS Database Clusters should use a custom administrator username,INFORMATIONAL,NEW,2025-05-18T11:59:33.437Z
arn:aws:securityhub:eu-north-1:122814843942:security-control/RDS.23/finding/de2250d3-ef42-482b-8070-f34b293750b8,RDS instances should not use a database engine default port,INFORMATIONAL,NEW,2025-05-18T11:59:33.408Z
arn:aws:securityhub:eu-north-1:122814843942:security-control/RDS.22/finding/a199ede4-baf9-416b-a642-920552d59209,An RDS event notifications subscription should be configured for critical database security group events,INFORMATIONAL,NEW,2025-05-18T11:59:33.380Z
arn:aws:securityhub:eu-north-1:122814843942:security-control/RDS.21/finding/a24add50-d71a-4f2b-ba18-5d4d80ae0c02,An RDS event notifications subscription should be configured for critical database parameter group events,INFORMATIONAL,NEW,2025-05-18T11:59:33.350Z
arn:aws:securityhub:eu-north-1:122814843942:security-control/RDS.20/finding/c3190f6a-96ec-4022-ac0c-acf0f8c21c2a,Existing RDS event notification subscriptions should be configured for critical database instance events,INFORMATIONAL,NEW,2025-05-18T11:59:33.321Z
arn:aws:securityhub:eu-north-1:122814843942:security-control/RDS.2/finding/ead37a44-b8e8-4b5a-9972-ed825997c174,RDS DB Instances should prohibit public access- as determined by the PubliclyAccessible configuration,INFORMATIONAL,NEW,2025-05-18T11:59:33.291Z
arn:aws:securityhub:eu-north-1:122814843942:security-control/RDS.19/finding/92af7a17-0376-4e1f-88f9-c5d3ef086feb,Existing RDS event notification subscriptions should be configured for critical cluster events,INFORMATIONAL,NEW,2025-05-18T11:59:33.262Z
arn:aws:securityhub:eu-north-1:122814843942:security-control/RDS.17/finding/7ece4e8a-742e-4363-9daa-4a52e58a198b,RDS DB instances should be configured to copy tags to snapshots,INFORMATIONAL,NEW,2025-05-18T11:59:33.232Z
arn:aws:securityhub:eu-north-1:122814843942:security-control/RDS.16/finding/090e9c4e-b8ba-452b-8410-cde546830e60,RDS DB clusters should be configured to copy tags to snapshots,INFORMATIONAL,NEW,2025-05-18T11:59:33.203Z
arn:aws:securityhub:eu-north-1:122814843942:security-control/RDS.15/finding/2a156e27-aeaa-41f4-aafc-a72aefce597e,RDS DB clusters should be configured for multiple Availability Zones,INFORMATIONAL,NEW,2025-05-18T11:59:33.174Z
arn:aws:securityhub:eu-north-1:122814843942:security-control/RDS.13/finding/23456732-5b58-42b5-b0f3-faeb4a1d29b5,RDS automatic minor version upgrades should be enabled,INFORMATIONAL,NEW,2025-05-18T11:59:33.147Z
arn:aws:securityhub:eu-north-1:122814843942:security-control/RDS.12/finding/7728350c-5516-4e5b-b86c-096839325452,IAM authentication should be configured for RDS clusters,INFORMATIONAL,NEW,2025-05-18T11:59:33.119Z
arn:aws:securityhub:eu-north-1:122814843942:security-control/RDS.11/finding/b229c3c4-5da0-4a4b-8558-fd0b1f724641,RDS instances should have automatic backups enabled,INFORMATIONAL,NEW,2025-05-18T11:59:33.092Z
arn:aws:securityhub:eu-north-1:122814843942:security-control/RDS.10/finding/3da80f6c-12c6-4fb4-8bab-da6bcbb92949,IAM authentication should be configured for RDS instances,INFORMATIONAL,NEW,2025-05-18T11:59:33.064Z
arn:aws:securityhub:eu-north-1:122814843942:security-control/RDS.1/finding/e416ae9f-a40c-48aa-9def-f6edaf6c1f3b,RDS snapshot should be private,INFORMATIONAL,NEW,2025-05-18T11:59:33.036Z
arn:aws:securityhub:eu-north-1:122814843942:security-control/Transfer.2/finding/3f4f06c3-1a4d-4efe-a28b-ee3471532002,Transfer Family servers should not use FTP protocol for endpoint connection,INFORMATIONAL,RESOLVED,2025-05-18T11:59:29.423Z
arn:aws:securityhub:eu-north-1:122814843942:security-control/SecretsManager.4/finding/0036149b-9b8d-410e-9efa-61b3195adc48,Secrets Manager secrets should be rotated within a specified number of days,INFORMATIONAL,RESOLVED,2025-05-18T11:59:29.361Z
arn:aws:securityhub:eu-north-1:122814843942:security-control/SecretsManager.3/finding/133ba82b-4231-4253-b641-0275b4e5fa8d,Remove unused Secrets Manager secrets,INFORMATIONAL,RESOLVED,2025-05-18T11:59:29.300Z
arn:aws:securityhub:eu-north-1:122814843942:security-control/SageMaker.8/finding/c9a34f65-c4c5-4d97-a867-09dab249c7d3,SageMaker notebook instances should run on supported platforms,INFORMATIONAL,RESOLVED,2025-05-18T11:59:29.243Z
arn:aws:securityhub:eu-north-1:122814843942:security-control/SageMaker.4/finding/db2cba27-344e-4095-bae9-e01a2a458184,SageMaker endpoint production variants should have an initial instance count greater than 1,INFORMATIONAL,RESOLVED,2025-05-18T11:59:29.181Z
arn:aws:securityhub:eu-north-1:122814843942:security-control/SageMaker.1/finding/c83686ca-7453-4092-962a-87da79040b64,Amazon SageMaker notebook instances should not have direct internet access,INFORMATIONAL,RESOLVED,2025-05-18T11:59:29.114Z
arn:aws:securityhub:eu-north-1:122814843942:security-control/SSM.4/finding/2ae39226-2d56-4c20-931b-b7a065116be6,SSM documents should not be public,INFORMATIONAL,RESOLVED,2025-05-18T11:59:29.048Z
arn:aws:securityhub:eu-north-1:122814843942:security-control/RedshiftServerless.7/finding/8e7da01d-ab8d-4d54-a975-3a444300da13,Redshift Serverless namespaces should not use the default database name,INFORMATIONAL,RESOLVED,2025-05-18T11:59:28.983Z
arn:aws:securityhub:eu-north-1:122814843942:security-control/WAF.4/finding/93b2cce6-ce41-4079-891e-b8f1014a648b,AWS WAF Classic Regional web ACLs should have at least one rule or rule group,INFORMATIONAL,NEW,2025-05-18T11:59:28.906Z
arn:aws:securityhub:eu-north-1:122814843942:security-control/WAF.3/finding/99acc69a-42b0-4b70-bb64-6d96faf4f5a1,AWS WAF Classic Regional rule groups should have at least one rule,INFORMATIONAL,NEW,2025-05-18T11:59:28.883Z
arn:aws:securityhub:eu-north-1:122814843942:security-control/WAF.2/finding/e2bd205b-9da2-4f3a-94a4-4d48487f279b,AWS WAF Classic Regional rules should have at least one condition,INFORMATIONAL,NEW,2025-05-18T11:59:28.842Z
arn:aws:securityhub:eu-north-1:122814843942:security-control/WAF.12/finding/f9bccc5b-bbfb-4ca5-9ebf-a59ea91bfb11,AWS WAF rules should have CloudWatch metrics enabled,INFORMATIONAL,NEW,2025-05-18T11:59:28.818Z
arn:aws:securityhub:eu-north-1:122814843942:security-control/WAF.10/finding/3d47af2e-5cb1-48c2-a203-e69a649481bf,AWS WAF web ACLs should have at least one rule or rule group,INFORMATIONAL,NEW,2025-05-18T11:59:28.796Z
arn:aws:securityhub:eu-north-1:122814843942:security-control/Transfer.3/finding/77d712ac-d700-45a8-b96f-ff04eefe7d09,Transfer Family connectors should have logging enabled,INFORMATIONAL,NEW,2025-05-18T11:59:28.774Z
arn:aws:securityhub:eu-north-1:122814843942:security-control/StepFunctions.1/finding/85db8ecc-7803-411d-af02-d8b047f325e2,Step Functions state machines should have logging turned on,INFORMATIONAL,NEW,2025-05-18T11:59:28.751Z
arn:aws:securityhub:eu-north-1:122814843942:security-control/ServiceCatalog.1/finding/f416d12f-056e-4f69-8ee3-ebacc87b82ec,Service Catalog portfolios should be shared within an AWS organization only,INFORMATIONAL,NEW,2025-05-18T11:59:28.729Z
arn:aws:securityhub:eu-north-1:122814843942:security-control/SecretsManager.2/finding/f8814885-5339-4d02-ae5f-d9b414e42116,Secrets Manager secrets configured with automatic rotation should rotate successfully,INFORMATIONAL,NEW,2025-05-18T11:59:28.707Z
arn:aws:securityhub:eu-north-1:122814843942:security-control/SecretsManager.1/finding/75981d50-34a8-4c98-8910-a3b3e816db1f,Secrets Manager secrets should have automatic rotation enabled,INFORMATIONAL,NEW,2025-05-18T11:59:28.685Z
arn:aws:securityhub:eu-north-1:122814843942:security-control/SageMaker.5/finding/cb4201a4-4dae-4275-ab74-0cbd6b9cdc99,SageMaker models should block inbound traffic,INFORMATIONAL,NEW,2025-05-18T11:59:28.665Z
arn:aws:securityhub:eu-north-1:122814843942:security-control/SageMaker.3/finding/7d6364c5-3dd2-4eb2-8ecb-dee95903301b,Users should not have root access to SageMaker notebook instances,INFORMATIONAL,NEW,2025-05-18T11:59:28.643Z
arn:aws:securityhub:eu-north-1:122814843942:security-control/SageMaker.2/finding/319d4520-2592-4712-9e1b-4d99f58d296c,SageMaker notebook instances should be launched in a custom VPC,INFORMATIONAL,NEW,2025-05-18T11:59:28.623Z
arn:aws:securityhub:eu-north-1:122814843942:security-control/SSM.3/finding/83195196-9997-4f83-ae43-ca825085b873,EC2 instances managed by Systems Manager should have an association compliance status of COMPLIANT,INFORMATIONAL,NEW,2025-05-18T11:59:28.601Z
arn:aws:securityhub:eu-north-1:122814843942:security-control/SSM.2/finding/7e6f01e3-7bc5-4802-9367-46b3d1d9b0a6,EC2 instances managed by Systems Manager should have a patch compliance status of COMPLIANT after a patch installation,INFORMATIONAL,NEW,2025-05-18T11:59:28.580Z
arn:aws:securityhub:eu-north-1:122814843942:security-control/SSM.1/finding/3dd732cc-9457-4e66-915f-5d2988038612,EC2 instances should be managed by AWS Systems Manager,INFORMATIONAL,NEW,2025-05-18T11:59:28.559Z
arn:aws:securityhub:eu-north-1:122814843942:security-control/SQS.3/finding/148e6749-c47f-4c8e-80e8-6726442bca81,SQS queue access policies should not allow public access,INFORMATIONAL,NEW,2025-05-18T11:59:28.540Z
arn:aws:securityhub:eu-north-1:122814843942:security-control/SQS.1/finding/b5326cfc-9258-4edc-8857-4be333bcd659,Amazon SQS queues should be encrypted at rest,INFORMATIONAL,NEW,2025-05-18T11:59:28.519Z
arn:aws:securityhub:eu-north-1:122814843942:security-control/SNS.4/finding/926f56bc-4489-45df-ae2f-8e2cd36428f6,SNS topic access policies should not allow public access,INFORMATIONAL,NEW,2025-05-18T11:59:28.499Z
arn:aws:securityhub:eu-north-1:122814843942:security-control/S3.9/finding/c7c481f9-cd6c-4c3c-bfc4-69151831c8be,S3 general purpose buckets should have server access logging enabled,INFORMATIONAL,NEW,2025-05-18T11:59:28.477Z
arn:aws:securityhub:eu-north-1:122814843942:security-control/S3.8/finding/6fde7a93-ff76-498f-8e5c-1d0efe49a6cc,S3 general purpose buckets should block public access,INFORMATIONAL,NEW,2025-05-18T11:59:28.455Z
arn:aws:securityhub:eu-north-1:122814843942:security-control/S3.6/finding/c49f2249-bbf5-4e6a-92f3-d5d95470d3da,S3 general purpose bucket policies should restrict access to other AWS accounts,INFORMATIONAL,NEW,2025-05-18T11:59:28.433Z
arn:aws:securityhub:eu-north-1:122814843942:security-control/S3.5/finding/b86f5819-0c03-4482-bd2a-7c0e8b26349e,S3 general purpose buckets should require requests to use SSL,INFORMATIONAL,NEW,2025-05-18T11:59:28.410Z
arn:aws:securityhub:eu-north-1:122814843942:security-control/S3.3/finding/2f00faf0-f381-4114-af13-784c61827d76,S3 general purpose buckets should block public write access,INFORMATIONAL,NEW,2025-05-18T11:59:28.387Z
arn:aws:securityhub:eu-north-1:122814843942:security-control/S3.2/finding/9d853ef3-f50c-48ea-a0ce-bcc83bf8eeae,S3 general purpose buckets should block public read access,INFORMATIONAL,NEW,2025-05-18T11:59:28.364Z
arn:aws:securityhub:eu-north-1:122814843942:security-control/S3.19/finding/923870d0-e044-4cb3-bab0-5d8c2a7bbc15,S3 access points should have block public access settings enabled,INFORMATIONAL,NEW,2025-05-18T11:59:28.340Z
arn:aws:securityhub:eu-north-1:122814843942:security-control/S3.13/finding/9cf15714-cf90-407b-876b-0891603f502f,S3 general purpose buckets should have Lifecycle configurations,INFORMATIONAL,NEW,2025-05-18T11:59:28.318Z
arn:aws:securityhub:eu-north-1:122814843942:security-control/S3.12/finding/f8e15986-5e35-49fb-8672-c614cc96d866,ACLs should not be used to manage user access to S3 general purpose buckets,INFORMATIONAL,NEW,2025-05-18T11:59:28.296Z
arn:aws:securityhub:eu-north-1:122814843942:security-control/KMS.4/finding/508eb9d1-70af-4b8e-b7d5-d01155606c66,AWS KMS key rotation should be enabled,INFORMATIONAL,RESOLVED,2025-05-18T11:49:38.415Z
arn:aws:securityhub:eu-north-1:122814843942:security-control/EC2.14/finding/5acb57b0-84c3-45f1-8d2b-cce76e6394bb,Security groups should not allow ingress from 0.0.0.0/0 or ::/0 to port 3389,INFORMATIONAL,NEW,2025-05-18T11:49:38.168Z
arn:aws:securityhub:eu-north-1:122814843942:security-control/EC2.13/finding/6d2106c2-8f83-4a20-a585-a7dbe28b1692,Security groups should not allow ingress from 0.0.0.0/0 or ::/0 to port 22,INFORMATIONAL,NEW,2025-05-18T11:49:38.132Z
arn:aws:securityhub:eu-north-1:122814843942:security-control/Config.1/finding/389f27a5-63ea-45d0-ad1a-8fcb0b6db6ba,AWS Config should be enabled and use the service-linked role for resource recording,CRITICAL,NEW,2025-05-18T11:35:18.217Z
arn:aws:securityhub:eu-north-1:122814843942:security-control/CloudWatch.9/finding/ba97abfe-1e4c-4afc-9d94-3a25ea8ffdf1,Ensure a log metric filter and alarm exist for AWS Config configuration changes,LOW,NEW,2025-05-18T11:29:25.814Z
arn:aws:securityhub:eu-north-1:122814843942:security-control/CloudWatch.8/finding/65f2efd5-b7c6-4df2-8dab-b399c3f40b64,Ensure a log metric filter and alarm exist for S3 bucket policy changes,LOW,NEW,2025-05-18T11:29:25.792Z
arn:aws:securityhub:eu-north-1:122814843942:security-control/CloudWatch.7/finding/ac1a9e0a-3937-48b8-b492-c04c4478d4b6,Ensure a log metric filter and alarm exist for disabling or scheduled deletion of customer created CMKs,LOW,NEW,2025-05-18T11:29:25.767Z
arn:aws:securityhub:eu-north-1:122814843942:security-control/CloudWatch.6/finding/9ceefb2d-587c-4b3b-904b-dbeccdfc0149,Ensure a log metric filter and alarm exist for AWS Management Console authentication failures,LOW,NEW,2025-05-18T11:29:25.724Z
arn:aws:securityhub:eu-north-1:122814843942:security-control/CloudWatch.5/finding/d7118b46-ef0d-4d0c-9ec8-60aada824535,Ensure a log metric filter and alarm exist for CloudTrail configuration changes,LOW,NEW,2025-05-18T11:29:25.702Z
arn:aws:securityhub:eu-north-1:122814843942:security-control/CloudWatch.4/finding/c5cb7861-fa6f-4474-861f-1215bf77225e,Ensure a log metric filter and alarm exist for IAM policy changes,LOW,NEW,2025-05-18T11:29:25.680Z
arn:aws:securityhub:eu-north-1:122814843942:security-control/CloudWatch.1/finding/3ea2e76f-8713-45d4-81d2-2190725cb0f7,"A log metric filter and alarm should exist for usage of the ""root"" user",LOW,NEW,2025-05-18T11:29:25.655Z
arn:aws:securityhub:eu-north-1:122814843942:security-control/CloudWatch.3/finding/265ca118-14ab-4a3a-97ff-cd7d6a7a7351,Ensure a log metric filter and alarm exist for Management Console sign-in without MFA,LOW,NEW,2025-05-18T11:29:25.629Z
arn:aws:securityhub:eu-north-1:122814843942:security-control/CloudWatch.14/finding/32746279-1372-4715-9bc4-6c888731c92c,Ensure a log metric filter and alarm exist for VPC changes,LOW,NEW,2025-05-18T11:29:25.609Z
arn:aws:securityhub:eu-north-1:122814843942:security-control/CloudWatch.13/finding/25e73c4e-1a9e-4123-bda7-6f3ff1753f43,Ensure a log metric filter and alarm exist for route table changes,LOW,NEW,2025-05-18T11:29:25.589Z
arn:aws:securityhub:eu-north-1:122814843942:security-control/CloudWatch.12/finding/4edc82a5-5c4f-4e4e-b841-bb067766993f,Ensure a log metric filter and alarm exist for changes to network gateways,LOW,NEW,2025-05-18T11:29:25.567Z
arn:aws:securityhub:eu-north-1:122814843942:security-control/CloudWatch.11/finding/931fe7cc-f760-40f8-a933-2637c47ca049,Ensure a log metric filter and alarm exist for changes to Network Access Control Lists (NACL),LOW,NEW,2025-05-18T11:29:25.547Z
arn:aws:securityhub:eu-north-1:122814843942:security-control/CloudWatch.10/finding/f28ed248-8bb1-46dd-b608-353dcbac733f,Ensure a log metric filter and alarm exist for security group changes,LOW,NEW,2025-05-18T11:29:25.524Z
arn:aws:securityhub:eu-north-1:122814843942:security-control/CloudWatch.2/finding/cf163785-d334-450c-a9e3-2bdaac378cf1,Ensure a log metric filter and alarm exist for unauthorized API calls,LOW,NEW,2025-05-18T11:29:25.499Z
arn:aws:securityhub:eu-north-1:122814843942:security-control/EC2.58/finding/bb4f9ee2-0415-4841-8db8-77cc05760289,VPCs should be configured with an interface endpoint for Systems Manager Incident Manager Contacts,MEDIUM,NEW,2025-05-18T10:04:27.158Z
arn:aws:securityhub:eu-north-1:122814843942:security-control/EC2.58/finding/9c4a69ba-4766-4dce-8df3-73ff4a063f96,VPCs should be configured with an interface endpoint for Systems Manager Incident Manager Contacts,MEDIUM,NEW,2025-05-18T10:04:27.158Z
arn:aws:securityhub:eu-north-1:122814843942:security-control/EC2.60/finding/0a5bced3-c282-413e-8bf2-1cbcd046ba01,VPCs should be configured with an interface endpoint for Systems Manager Incident Manager,MEDIUM,NEW,2025-05-18T10:04:27.179Z
arn:aws:securityhub:eu-north-1:122814843942:security-control/EC2.60/finding/9dc4ccf1-732f-4f9c-896c-32fdd74b426b,VPCs should be configured with an interface endpoint for Systems Manager Incident Manager,MEDIUM,NEW,2025-05-18T10:04:27.179Z
arn:aws:securityhub:eu-north-1:122814843942:security-control/IAM.17/finding/13cdfa62-44c5-4088-a477-2cc4b4fe7f43,Ensure IAM password policy expires passwords within 90 days or less,LOW,NEW,2025-05-18T10:04:25.958Z
arn:aws:securityhub:eu-north-1:122814843942:security-control/CloudTrail.1/finding/52c3f757-d53f-4401-aa4e-a69254ae00ac,CloudTrail should be enabled and configured with at least one multi-Region trail that includes read and write management events,HIGH,NEW,2025-05-18T10:04:26.422Z
arn:aws:securityhub:eu-north-1:122814843942:security-control/Inspector.3/finding/dc63b154-338b-4867-997b-c995f620ed2b,Amazon Inspector Lambda code scanning should be enabled,HIGH,NEW,2025-05-18T10:04:26.264Z
arn:aws:securityhub:eu-north-1:122814843942:security-control/IAM.14/finding/9bc1d72c-b776-48d3-bdd1-4ff5819e2794,Ensure IAM password policy requires at least one number,MEDIUM,NEW,2025-05-18T10:04:26.027Z
arn:aws:securityhub:eu-north-1:122814843942:security-control/EC2.57/finding/af8443d9-4e77-4d33-9d24-c9f759ce350d,VPCs should be configured with an interface endpoint for Systems Manager,MEDIUM,NEW,2025-05-18T10:04:27.136Z
arn:aws:securityhub:eu-north-1:122814843942:security-control/EC2.57/finding/9dba1909-bafa-473e-9eaf-cf68cba8d8b3,VPCs should be configured with an interface endpoint for Systems Manager,MEDIUM,NEW,2025-05-18T10:04:27.136Z
arn:aws:securityhub:eu-north-1:122814843942:security-control/IAM.13/finding/423a99e1-9b72-441d-ab5e-9218a061eb2e,Ensure IAM password policy requires at least one symbol,MEDIUM,NEW,2025-05-18T10:04:26.096Z
arn:aws:securityhub:eu-north-1:122814843942:security-control/EC2.10/finding/58053fe7-8595-4748-b313-be5f4790452e,Amazon EC2 should be configured to use VPC endpoints that are created for the Amazon EC2 service,MEDIUM,NEW,2025-05-18T10:04:27.026Z
arn:aws:securityhub:eu-north-1:122814843942:security-control/EC2.10/finding/0a74981d-d374-4ae4-882c-b8df87316203,Amazon EC2 should be configured to use VPC endpoints that are created for the Amazon EC2 service,MEDIUM,NEW,2025-05-18T10:04:27.026Z
arn:aws:securityhub:eu-north-1:122814843942:security-control/EC2.56/finding/c23b9d9a-8f57-4e22-abc9-16f7660ad394,VPCs should be configured with an interface endpoint for Docker Registry,MEDIUM,NEW,2025-05-18T10:04:27.114Z
arn:aws:securityhub:eu-north-1:122814843942:security-control/EC2.56/finding/0d839696-385a-458b-9b7c-9450eee69cf7,VPCs should be configured with an interface endpoint for Docker Registry,MEDIUM,NEW,2025-05-18T10:04:27.114Z
arn:aws:securityhub:eu-north-1:122814843942:security-control/Inspector.2/finding/aba51d21-5895-461c-820c-6a1534f6248c,Amazon Inspector ECR scanning should be enabled,HIGH,NEW,2025-05-18T10:04:26.240Z
arn:aws:securityhub:eu-north-1:122814843942:security-control/IAM.12/finding/57aa9415-1829-460e-85ee-a27b3bcc35aa,Ensure IAM password policy requires at least one lowercase letter,MEDIUM,NEW,2025-05-18T10:04:25.982Z
arn:aws:securityhub:eu-north-1:122814843942:security-control/EC2.6/finding/a11e0df5-6e91-45ea-8d03-5791c98a31c8,VPC flow logging should be enabled in all VPCs,MEDIUM,NEW,2025-05-18T10:04:27.199Z
arn:aws:securityhub:eu-north-1:122814843942:security-control/EC2.6/finding/9bc2c183-48ca-410d-82a3-e72b86a81310,VPC flow logging should be enabled in all VPCs,MEDIUM,NEW,2025-05-18T10:04:27.199Z
arn:aws:securityhub:eu-north-1:122814843942:security-control/GuardDuty.1/finding/21e003a8-070f-482c-8b09-f1adb1622402,GuardDuty should be enabled,HIGH,NEW,2025-05-18T10:04:25.819Z
arn:aws:securityhub:eu-north-1:122814843942:security-control/EC2.7/finding/ed059251-7d35-49dd-8991-d520311aee26,EBS default encryption should be enabled,MEDIUM,NEW,2025-05-18T10:04:25.123Z
arn:aws:securityhub:eu-north-1:122814843942:security-control/IAM.9/finding/38c031cc-b0c8-48ac-b664-3b5857a51c99,MFA should be enabled for the root user,CRITICAL,NEW,2025-05-18T10:04:26.800Z
arn:aws:securityhub:eu-north-1:122814843942:security-control/Account.1/finding/0b6cd85f-6430-417a-a898-bffbd43465ab,Security contact information should be provided for an AWS account.,MEDIUM,NEW,2025-05-18T10:04:27.005Z
arn:aws:securityhub:eu-north-1:122814843942:security-control/IAM.11/finding/eba77823-5720-4f89-a016-c7e909ee092e,Ensure IAM password policy requires at least one uppercase letter,MEDIUM,NEW,2025-05-18T10:04:26.119Z
arn:aws:securityhub:eu-north-1:122814843942:security-control/Macie.1/finding/19aa0c25-aca3-447f-a7c4-44620786b427,Macie should be enabled,MEDIUM,NEW,2025-05-18T10:04:26.356Z
arn:aws:securityhub:eu-north-1:122814843942:security-control/IAM.4/finding/b2daa36a-d8c4-418b-8353-1f3984c40077,IAM root user access key should not exist,INFORMATIONAL,RESOLVED,2025-05-18T10:04:26.144Z
arn:aws:securityhub:eu-north-1:122814843942:security-control/EC2.55/finding/b40671a7-2d95-42c7-9d18-9cac4e6f7df9,VPCs should be configured with an interface endpoint for ECR API,MEDIUM,NEW,2025-05-18T10:04:27.093Z
arn:aws:securityhub:eu-north-1:122814843942:security-control/EC2.55/finding/b338687a-8cb6-487e-8fa8-704d8d2e7cb4,VPCs should be configured with an interface endpoint for ECR API,MEDIUM,NEW,2025-05-18T10:04:27.093Z
arn:aws:securityhub:eu-north-1:122814843942:security-control/Inspector.4/finding/35c72d47-9f73-4784-9bf8-f957f4391958,Amazon Inspector Lambda standard scanning should be enabled,HIGH,NEW,2025-05-18T10:04:26.287Z
arn:aws:securityhub:eu-north-1:122814843942:security-control/IAM.16/finding/0ca320f0-abfe-404e-900f-db0fc0a016f3,Ensure IAM password policy prevents password reuse,LOW,NEW,2025-05-18T10:04:26.052Z
arn:aws:securityhub:eu-north-1:122814843942:security-control/EC2.1/finding/bc0d95bf-9c19-44d5-85b8-25ebd1445808,EBS snapshots should not be publicly restorable,INFORMATIONAL,RESOLVED,2025-05-18T10:04:25.100Z
arn:aws:securityhub:eu-north-1:122814843942:security-control/Inspector.1/finding/4f8f7182-60bc-424a-a672-2e219020925b,Amazon Inspector EC2 scanning should be enabled,HIGH,NEW,2025-05-18T10:04:26.215Z
arn:aws:securityhub:eu-north-1:122814843942:security-control/IAM.7/finding/d61ff82d-1910-49d7-baab-e8dc256c2a3b,Password policies for IAM users should have strong configurations,MEDIUM,NEW,2025-05-18T10:04:26.073Z
arn:aws:securityhub:eu-north-1:122814843942:security-control/EMR.2/finding/13041ee7-e80f-4e0c-a7a6-098a3672b547,Amazon EMR block public access setting should be enabled,INFORMATIONAL,RESOLVED,2025-05-18T10:04:25.541Z
arn:aws:securityhub:eu-north-1:122814843942:security-control/IAM.18/finding/1efc2ac9-fc70-40b5-a3b2-f64660da50e3,Ensure a support role has been created to manage incidents with AWS Support,LOW,NEW,2025-05-18T10:04:26.166Z
arn:aws:securityhub:eu-north-1:122814843942:security-control/IAM.6/finding/5c5f54e7-6206-4490-a709-d51eb3a9c1d0,Hardware MFA should be enabled for the root user,CRITICAL,NEW,2025-05-18T10:04:26.776Z
arn:aws:securityhub:eu-north-1:122814843942:security-control/S3.1/finding/d0429822-4203-4ac8-894e-8e79999e2d24,S3 general purpose buckets should have block public access settings enabled,MEDIUM,NEW,2025-05-18T10:04:26.824Z
arn:aws:securityhub:eu-north-1:122814843942:security-control/IAM.15/finding/311a787c-a310-4bec-a88e-5edfb08b8dbb,Ensure IAM password policy requires minimum password length of 14 or greater,MEDIUM,NEW,2025-05-18T10:04:26.006Z
